Airport,Terminal,Date,Hour,Average,Max,p015,p1630,p3145,p4660,p6190,p91120,p121Plus,Excluded,Total,Flights,Booths
PDX,Main,1/2/2014,0700 - 0800,14,43,135,57,30,0,0,0,0,4,226,1,6
PDX,Main,1/2/2014,1100 - 1200,21,58,97,68,46,25,0,0,0,8,244,1,5
PDX,Main,1/3/2014,0700 - 0800,15,49,125,48,31,9,0,0,0,7,220,1,6
PDX,Main,1/3/2014,1100 - 1200,23,57,107,103,46,32,0,0,0,13,301,1,7
PDX,Main,1/4/2014,0700 - 0800,18,51,119,44,41,16,0,0,0,6,226,1,7
PDX,Main,1/4/2014,1100 - 1200,18,43,109,82,42,0,0,0,0,13,246,1,7
PDX,Main,1/5/2014,0700 - 0800,24,63,93,38,50,31,6,0,0,6,224,1,7
PDX,Main,1/5/2014,1100 - 1200,14,39,140,64,32,0,0,0,0,8,244,1,7
PDX,Main,1/6/2014,1100 - 1200,16,48,122,68,37,5,0,0,0,6,238,1,6
PDX,Main,1/7/2014,0800 - 0900,27,67,78,46,45,34,16,0,0,6,225,1,6
PDX,Main,1/9/2014,0800 - 0900,26,63,75,58,46,35,9,0,0,4,227,1,5
PDX,Main,1/9/2014,1100 - 1200,18,56,115,74,30,21,0,0,0,6,246,1,6
PDX,Main,1/10/2014,0800 - 0900,18,52,120,48,33,22,0,0,0,5,228,1,7
PDX,Main,1/10/2014,1100 - 1200,23,59,95,55,31,37,0,0,0,4,222,1,6
PDX,Main,1/11/2014,0700 - 0800,16,42,125,50,48,0,0,0,0,5,228,1,7
PDX,Main,1/11/2014,1100 - 1200,17,45,123,59,45,0,0,0,0,8,235,1,7
PDX,Main,1/12/2014,0600 - 0700,18,45,94,79,45,0,0,0,0,7,225,1,6
PDX,Main,1/12/2014,1100 - 1200,14,43,120,47,28,0,0,0,0,7,202,1,8
PDX,Main,1/13/2014,1100 - 1200,25,59,73,69,39,32,0,0,0,11,224,1,7
PDX,Main,1/14/2014,0700 - 0800,22,58,94,54,42,29,0,0,0,7,226,1,6
PDX,Main,1/16/2014,0700 - 0800,15,45,122,67,32,0,0,0,0,7,228,1,6
PDX,Main,1/16/2014,1000 - 1100,17,45,99,42,39,0,0,0,0,4,184,1,7
PDX,Main,1/17/2014,0700 - 0800,16,45,112,69,36,0,0,0,0,7,224,1,5
PDX,Main,1/17/2014,0900 - 1000,7,16,63,3,0,0,0,0,0,3,69,1,4
PDX,Main,1/17/2014,1000 - 1100,9,24,89,34,0,0,0,0,0,3,126,1,5
PDX,Main,1/18/2014,0700 - 0800,11,33,144,65,5,0,0,0,0,6,220,1,7
PDX,Main,1/18/2014,1100 - 1200,8,28,138,39,0,0,0,0,0,5,182,1,7
PDX,Main,1/19/2014,0700 - 0800,18,47,114,46,51,8,0,0,0,5,224,1,7
PDX,Main,1/19/2014,1100 - 1200,7,26,141,31,0,0,0,0,0,5,177,1,8
PDX,Main,1/20/2014,1000 - 1100,18,46,72,48,30,4,0,0,0,3,157,1,6
PDX,Main,1/21/2014,0700 - 0800,27,77,90,44,35,27,29,0,0,5,230,1,6
PDX,Main,1/23/2014,0700 - 0800,17,47,126,39,51,5,0,0,0,5,226,1,7
PDX,Main,1/23/2014,1000 - 1100,8,24,112,31,0,0,0,0,0,2,145,1,6
PDX,Main,1/24/2014,0800 - 0900,17,42,106,63,49,0,0,0,0,4,222,1,6
PDX,Main,1/24/2014,0900 - 1000,3,9,44,0,0,0,0,0,0,1,45,1,3
PDX,Main,1/24/2014,1100 - 1200,9,28,107,34,0,0,0,0,0,4,145,1,5
PDX,Main,1/25/2014,0700 - 0800,9,26,163,50,0,0,0,0,0,5,218,1,7
PDX,Main,1/25/2014,1100 - 1200,10,28,142,52,0,0,0,0,0,4,198,1,8
PDX,Main,1/25/2014,1300 - 1400,1,2,5,0,0,0,0,0,0,1,6,1,1
PDX,Main,1/26/2014,0700 - 0800,19,50,112,50,49,11,0,0,0,5,227,1,7
PDX,Main,1/26/2014,1000 - 1100,7,23,144,34,0,0,0,0,0,2,180,1,8
PDX,Main,1/27/2014,1100 - 1200,10,29,97,42,0,0,0,0,0,2,141,1,6
PDX,Main,1/28/2014,0700 - 0800,25,62,75,56,54,31,3,0,0,6,225,1,5
PDX,Main,1/30/2014,0700 - 0800,11,32,107,50,5,0,0,0,0,3,165,1,6
PDX,Main,1/30/2014,1000 - 1100,22,49,57,50,41,4,0,0,0,5,157,1,5
PDX,Main,1/31/2014,0700 - 0800,11,35,115,52,11,0,0,0,0,6,184,1,6
PDX,Main,2/1/2014,0700 - 0800,16,43,116,61,40,0,0,0,0,6,223,1,7
PDX,Main,2/1/2014,1100 - 1200,10,32,136,49,7,0,0,0,0,5,197,1,8
PDX,Main,2/2/2014,0700 - 0800,16,48,118,49,43,7,0,0,0,6,223,1,7
PDX,Main,2/2/2014,1200 - 1300,7,26,147,39,0,0,0,0,0,5,191,1,8
PDX,Main,2/3/2014,1000 - 1100,11,29,78,30,0,0,0,0,0,3,111,1,6
PDX,Main,2/4/2014,0800 - 0900,25,58,86,45,45,41,0,0,0,5,222,1,6
PDX,Main,2/6/2014,0800 - 0900,23,51,86,70,46,29,0,0,0,5,236,1,6
PDX,Main,2/6/2014,1000 - 1100,8,26,100,30,0,0,0,0,0,5,135,1,6
PDX,Main,2/7/2014,0700 - 0800,22,50,68,35,49,16,0,0,0,5,173,1,5
PDX,Main,2/7/2014,1100 - 1200,15,29,51,61,0,0,0,0,0,4,116,1,5
PDX,Main,2/8/2014,1000 - 1100,17,39,89,75,27,0,0,0,0,9,200,1,9
PDX,Main,2/8/2014,1100 - 1200,19,40,66,57,35,0,0,0,0,8,166,1,8
PDX,Main,2/9/2014,0800 - 0900,5,18,89,5,0,0,0,0,0,2,96,1,7
PDX,Main,2/9/2014,1000 - 1100,4,15,95,0,0,0,0,0,0,3,98,1,7
PDX,Main,2/10/2014,1000 - 1100,10,29,108,39,0,0,0,0,0,2,149,1,7
PDX,Main,2/11/2014,0700 - 0800,27,72,95,35,34,34,24,0,0,7,229,1,5
PDX,Main,2/13/2014,0700 - 0800,33,90,63,49,33,17,42,0,0,7,211,1,5
PDX,Main,2/13/2014,1100 - 1200,18,48,74,49,30,4,0,0,0,5,162,1,5
PDX,Main,2/14/2014,1100 - 1200,21,52,47,33,19,11,0,0,0,7,117,1,4
PDX,Main,2/15/2014,0700 - 0800,17,43,98,54,30,0,0,0,0,10,192,1,7
PDX,Main,2/15/2014,1100 - 1200,7,22,138,26,0,0,0,0,0,4,168,1,7
PDX,Main,2/16/2014,0700 - 0800,15,41,121,68,30,0,0,0,0,6,225,1,7
PDX,Main,2/16/2014,1200 - 1300,8,26,122,34,0,0,0,0,0,4,160,1,9
PDX,Main,2/17/2014,1100 - 1200,13,38,90,41,16,0,0,0,0,5,152,1,7
PDX,Main,2/18/2014,0600 - 0700,26,64,70,54,35,27,8,0,0,5,199,1,6
PDX,Main,2/20/2014,0600 - 0700,17,46,95,54,34,3,0,0,0,6,192,1,6
PDX,Main,2/20/2014,1000 - 1100,16,35,74,54,22,0,0,0,0,4,154,1,4
PDX,Main,2/21/2014,0600 - 0700,19,49,93,67,36,7,0,0,0,7,210,1,7
PDX,Main,2/21/2014,1100 - 1200,15,36,74,53,14,0,0,0,0,3,144,1,6
PDX,Main,2/22/2014,0600 - 0700,12,30,118,62,0,0,0,0,0,6,186,1,7
PDX,Main,2/22/2014,1100 - 1200,12,33,135,58,9,0,0,0,0,7,209,1,7
PDX,Main,2/23/2014,0700 - 0800,17,45,113,56,43,0,0,0,0,7,219,1,7
PDX,Main,2/23/2014,1000 - 1100,11,29,122,49,0,0,0,0,0,5,176,1,8
PDX,Main,2/24/2014,1000 - 1100,12,28,71,44,0,0,0,0,0,4,119,1,5
PDX,Main,2/25/2014,0700 - 0800,16,46,95,52,32,3,0,0,0,6,188,1,5
PDX,Main,2/27/2014,0700 - 0800,19,41,97,67,57,0,0,0,0,7,228,1,6
PDX,Main,2/27/2014,1200 - 1300,10,29,128,51,0,0,0,0,0,5,184,1,7
PDX,Main,2/28/2014,0700 - 0800,17,49,110,68,36,6,0,0,0,7,227,1,5
PDX,Main,2/28/2014,1000 - 1100,15,37,92,69,21,0,0,0,0,6,188,1,5
PDX,Main,3/1/2014,0700 - 0800,14,43,124,69,28,0,0,0,0,4,225,1,7
PDX,Main,3/1/2014,1000 - 1100,8,26,147,47,0,0,0,0,0,2,196,1,8
PDX,Main,3/2/2014,0700 - 0800,17,47,121,47,46,6,0,0,0,5,225,1,7
PDX,Main,3/2/2014,1000 - 1100,11,35,111,41,13,0,0,0,0,2,167,1,7
PDX,Main,3/3/2014,1000 - 1100,14,36,90,44,16,0,0,0,0,7,157,1,7
PDX,Main,3/4/2014,0700 - 0800,19,51,105,72,49,12,0,0,0,8,246,1,6
PDX,Main,3/6/2014,0800 - 0900,19,43,87,72,43,0,0,0,0,12,214,1,6
PDX,Main,3/6/2014,1100 - 1200,12,25,59,30,0,0,0,0,0,5,94,1,4
PDX,Main,3/7/2014,0700 - 0800,18,39,72,72,28,0,0,0,0,9,181,1,5
PDX,Main,3/7/2014,1500 - 1600,11,27,82,37,0,0,0,0,0,6,125,1,5
PDX,Main,3/8/2014,0700 - 0800,13,34,125,73,12,0,0,0,0,6,216,1,7
PDX,Main,3/8/2014,1100 - 1200,8,30,144,39,0,0,0,0,0,5,188,1,8
PDX,Main,3/9/2014,0800 - 0900,19,51,118,57,43,18,0,0,0,8,244,1,7
PDX,Main,3/9/2014,1200 - 1300,13,32,112,54,6,0,0,0,0,10,182,1,7
PDX,Main,3/10/2014,1200 - 1300,15,42,72,44,21,0,0,0,0,4,141,1,6
PDX,Main,3/11/2014,0700 - 0800,30,77,70,45,37,30,27,0,0,7,216,1,4
PDX,Main,3/13/2014,0800 - 0900,16,43,107,69,31,0,0,0,0,7,214,1,5
PDX,Main,3/13/2014,1100 - 1200,12,31,89,53,4,0,0,0,0,4,150,1,6
PDX,Main,3/14/2014,0700 - 0800,17,46,105,65,36,3,0,0,0,7,216,1,6
PDX,Main,3/14/2014,1200 - 1300,7,22,101,17,0,0,0,0,0,4,122,1,6
PDX,Main,3/15/2014,0700 - 0800,17,44,94,68,33,0,0,0,0,11,206,1,6
PDX,Main,3/15/2014,1200 - 1300,12,27,128,66,0,0,0,0,0,12,206,1,8
PDX,Main,3/16/2014,0700 - 0800,15,39,123,66,29,0,0,0,0,6,224,1,7
PDX,Main,3/16/2014,1200 - 1300,13,32,132,65,6,0,0,0,0,12,215,1,8
PDX,Main,3/17/2014,1200 - 1300,18,47,95,62,44,5,0,0,0,7,213,1,7
PDX,Main,3/18/2014,0800 - 0900,16,42,107,66,40,0,0,0,0,6,219,1,6
PDX,Main,3/20/2014,0700 - 0800,17,46,118,49,46,4,0,0,0,7,224,1,6
PDX,Main,3/20/2014,1100 - 1200,23,54,77,44,49,24,0,0,0,6,200,1,6
PDX,Main,3/21/2014,0800 - 0900,28,61,57,62,50,38,3,0,0,11,221,1,5
PDX,Main,3/21/2014,1100 - 1200,16,38,77,58,21,0,0,0,0,7,163,1,5
PDX,Main,3/22/2014,0800 - 0900,13,36,124,58,23,0,0,0,0,6,211,1,7
PDX,Main,3/22/2014,1200 - 1300,11,36,151,39,17,0,0,0,0,6,213,1,8
PDX,Main,3/23/2014,0800 - 0900,21,57,106,45,36,33,0,0,0,5,225,1,6
PDX,Main,3/23/2014,1100 - 1200,15,41,117,41,29,0,0,0,0,9,196,1,8
PDX,Main,3/24/2014,1100 - 1200,15,45,123,42,41,0,0,0,0,5,211,1,7
PDX,Main,3/25/2014,0800 - 0900,28,67,83,46,35,29,27,0,0,4,224,1,7
PDX,Main,3/27/2014,0800 - 0900,16,42,110,72,38,0,0,0,0,6,226,1,6
PDX,Main,3/27/2014,1100 - 1200,27,56,83,56,78,41,0,0,0,8,266,1,6
PDX,Main,3/28/2014,0900 - 1000,14,40,116,48,33,0,0,0,0,3,200,1,6
PDX,Main,3/28/2014,1200 - 1300,23,53,91,96,61,23,0,0,0,15,286,1,6
PDX,Main,3/29/2014,0800 - 0900,12,37,137,63,13,0,0,0,0,6,219,1,7
PDX,Main,3/29/2014,1100 - 1200,8,26,227,46,0,0,0,0,0,6,279,1,8
PDX,Main,3/30/2014,0900 - 1000,15,42,123,74,31,0,0,0,0,7,235,1,7
PDX,Main,3/30/2014,1000 - 1100,12,29,177,98,0,0,0,0,0,9,284,1,8
PDX,Main,3/31/2014,0900 - 1000,13,39,124,58,28,0,0,0,0,6,216,1,7
PDX,Main,3/31/2014,1100 - 1200,19,46,107,126,46,3,0,0,0,8,290,1,7
PDX,Main,4/1/2014,0800 - 0900,21,54,80,67,36,19,0,0,0,7,209,1,5
PDX,Main,4/1/2014,1100 - 1200,20,55,110,74,49,17,0,0,0,6,256,1,6
PDX,Main,4/2/2014,1100 - 1200,21,61,107,89,31,25,2,0,0,8,262,1,5
PDX,Main,4/3/2014,0800 - 0900,15,44,105,69,23,0,0,0,0,6,203,1,6
PDX,Main,4/4/2014,0900 - 1000,9,31,121,42,3,0,0,0,0,5,171,1,6
PDX,Main,4/4/2014,1100 - 1200,20,56,114,87,42,24,0,0,0,9,276,1,6
PDX,Main,4/5/2014,0900 - 1000,10,28,128,56,0,0,0,0,0,6,190,1,7
PDX,Main,4/5/2014,1100 - 1200,13,38,178,70,32,0,0,0,0,9,289,1,8
PDX,Main,4/6/2014,0900 - 1000,19,44,84,78,38,0,0,0,0,11,211,1,7
PDX,Main,4/6/2014,1100 - 1200,18,44,132,83,58,0,0,0,0,14,287,1,8
PDX,Main,4/7/2014,1100 - 1200,20,46,110,74,65,4,0,0,0,12,265,1,6
PDX,Main,4/8/2014,0800 - 0900,18,44,85,57,48,0,0,0,0,4,194,1,5
PDX,Main,4/8/2014,1100 - 1200,26,64,81,49,53,35,9,0,0,7,234,1,5
PDX,Main,4/9/2014,1100 - 1200,26,69,98,62,53,41,15,0,0,8,277,1,6
PDX,Main,4/10/2014,0900 - 1000,22,62,77,66,40,19,3,0,0,7,212,1,5
PDX,Main,4/10/2014,1100 - 1200,21,55,113,80,40,31,0,0,0,6,270,1,6
PDX,Main,4/11/2014,0800 - 0900,17,47,112,40,48,6,0,0,0,6,212,1,6
PDX,Main,4/11/2014,1100 - 1200,16,43,147,91,39,0,0,0,0,9,286,1,6
PDX,Main,4/12/2014,0900 - 1000,8,24,149,37,0,0,0,0,0,6,192,1,7
PDX,Main,4/12/2014,1100 - 1200,11,34,194,67,19,0,0,0,0,6,286,1,8
PDX,Main,4/13/2014,0900 - 1000,17,42,91,69,33,0,0,0,0,4,197,1,6
PDX,Main,4/13/2014,1100 - 1200,24,59,97,85,55,45,0,0,0,8,290,1,5
PDX,Main,4/14/2014,1100 - 1200,22,55,102,82,72,23,0,0,0,9,288,1,6
PDX,Main,4/15/2014,0800 - 0900,18,49,88,50,38,8,0,0,0,5,189,1,6
PDX,Main,4/15/2014,1100 - 1200,28,75,82,76,53,39,20,0,0,9,279,1,5
PDX,Main,4/16/2014,1100 - 1200,23,53,77,58,52,21,0,0,0,5,213,1,4
PDX,Main,4/17/2014,0800 - 0900,30,67,53,47,50,50,9,0,0,13,222,2,5
PDX,Main,4/17/2014,1100 - 1200,18,43,92,75,40,0,0,0,0,6,213,1,6
PDX,Main,4/18/2014,0900 - 1000,13,37,101,44,13,0,0,0,0,5,163,1,5
PDX,Main,4/18/2014,1100 - 1200,23,59,108,63,62,38,0,0,0,8,279,1,5
PDX,Main,4/19/2014,0800 - 0900,7,22,135,23,0,0,0,0,0,4,162,1,6
PDX,Main,4/19/2014,1100 - 1200,11,28,157,65,0,0,0,0,0,6,228,1,9
PDX,Main,4/20/2014,0800 - 0900,16,47,113,72,30,3,0,0,0,6,224,1,7
PDX,Main,4/20/2014,1000 - 1100,8,25,131,31,0,0,0,0,0,3,165,1,7
PDX,Main,4/21/2014,1100 - 1200,18,43,80,62,35,0,0,0,0,4,181,1,4
PDX,Main,4/22/2014,0800 - 0900,15,42,110,66,28,0,0,0,0,6,210,1,5
PDX,Main,4/22/2014,1100 - 1200,16,46,118,40,37,3,0,0,0,6,204,1,5
PDX,Main,4/23/2014,1100 - 1200,14,32,74,53,5,0,0,0,0,6,138,1,5
PDX,Main,4/24/2014,0900 - 1000,26,80,85,46,47,19,18,0,0,7,222,1,5
PDX,Main,4/24/2014,1000 - 1100,14,38,89,43,18,0,0,0,0,5,155,1,5
PDX,Main,4/25/2014,0800 - 0900,16,45,107,72,36,0,0,0,0,7,222,1,5
PDX,Main,4/25/2014,1000 - 1100,18,43,75,62,35,0,0,0,0,6,178,1,4
PDX,Main,4/26/2014,0900 - 1000,10,27,148,63,0,0,0,0,0,5,216,1,7
PDX,Main,4/26/2014,1100 - 1200,14,44,157,58,43,0,0,0,0,7,265,1,7
PDX,Main,4/27/2014,0900 - 1000,20,53,96,61,37,17,0,0,0,10,221,1,7
PDX,Main,4/27/2014,1100 - 1200,16,37,111,85,25,0,0,0,0,12,233,1,7
PDX,Main,4/28/2014,1100 - 1200,16,41,113,57,39,0,0,0,0,11,220,1,8
PDX,Main,4/29/2014,0900 - 1000,20,47,90,61,59,5,0,0,0,10,225,1,6
PDX,Main,4/29/2014,1100 - 1200,20,45,78,70,43,0,0,0,0,8,199,1,5
PDX,Main,4/30/2014,1100 - 1200,25,60,67,68,46,32,0,0,0,11,224,1,5
PDX,Main,5/1/2014,0900 - 1000,11,35,154,51,15,0,0,0,0,7,227,1,8
PDX,Main,5/1/2014,1100 - 1200,18,51,136,58,50,13,0,0,0,8,265,1,7
PDX,Main,5/1/2014,1300 - 1400,6,10,33,0,0,0,0,0,0,2,35,1,1
PDX,Main,5/2/2014,0900 - 1000,18,48,105,54,54,5,0,0,0,6,224,1,6
PDX,Main,5/2/2014,1100 - 1200,19,52,99,57,34,15,0,0,0,7,212,1,6
PDX,Main,5/3/2014,0900 - 1000,12,36,131,58,20,0,0,0,0,7,216,1,7
PDX,Main,5/3/2014,1100 - 1200,10,31,165,64,4,0,0,0,0,8,241,1,8
PDX,Main,5/4/2014,0900 - 1000,19,53,104,48,42,16,0,0,0,5,215,1,7
PDX,Main,5/4/2014,1100 - 1200,10,33,145,52,10,0,0,0,0,6,213,1,8
PDX,Main,5/5/2014,1100 - 1200,30,79,63,36,45,22,27,0,0,6,199,1,4
PDX,Main,5/6/2014,0900 - 1000,16,37,73,57,18,0,0,0,0,9,157,1,5
PDX,Main,5/6/2014,1000 - 1100,15,32,76,68,5,0,0,0,0,8,157,1,6
PDX,Main,5/7/2014,1100 - 1200,22,49,61,56,41,11,0,0,0,10,179,1,5
PDX,Main,5/8/2014,0900 - 1000,19,49,96,61,47,11,0,0,0,5,220,1,5
PDX,Main,5/8/2014,1100 - 1200,11,30,108,56,0,0,0,0,0,6,170,1,5
PDX,Main,5/8/2014,1300 - 1400,37,47,0,15,62,6,0,0,0,1,84,1,2
PDX,Main,5/9/2014,0900 - 1000,12,33,74,40,2,0,0,0,0,7,123,1,5
PDX,Main,5/9/2014,1100 - 1200,18,41,82,64,37,0,0,0,0,7,190,1,5
PDX,Main,5/10/2014,0900 - 1000,15,51,122,37,25,15,0,0,0,6,205,1,7
PDX,Main,5/10/2014,1100 - 1200,13,38,160,67,28,0,0,0,0,7,262,1,8
PDX,Main,5/11/2014,0900 - 1000,15,42,127,53,40,0,0,0,0,5,225,1,7
PDX,Main,5/11/2014,1100 - 1200,13,39,163,57,28,0,0,0,0,8,256,1,8
PDX,Main,5/11/2014,2300 - 0000,28,60,28,9,27,18,0,0,0,5,87,1,2
PDX,Main,5/12/2014,1100 - 1200,13,38,139,68,26,0,0,0,0,5,238,1,6
PDX,Main,5/13/2014,1000 - 1100,17,58,109,56,25,12,0,0,0,7,209,1,6
PDX,Main,5/13/2014,1100 - 1200,27,58,43,54,27,27,0,0,0,4,155,1,6
PDX,Main,5/14/2014,1100 - 1200,9,26,159,47,0,0,0,0,0,4,210,1,8
PDX,Main,5/15/2014,0900 - 1000,18,49,109,62,44,6,0,0,0,5,226,1,6
PDX,Main,5/15/2014,1100 - 1200,20,60,118,68,32,35,0,0,0,8,261,1,5
PDX,Main,5/16/2014,0900 - 1000,20,62,103,54,26,28,3,0,0,7,221,1,5
PDX,Main,5/16/2014,1100 - 1200,19,52,124,76,52,18,0,0,0,7,277,1,7
PDX,Main,5/17/2014,0900 - 1000,16,44,132,47,45,0,0,0,0,7,231,1,7
PDX,Main,5/17/2014,1100 - 1200,12,39,179,50,33,0,0,0,0,7,269,1,8
PDX,Main,5/18/2014,0900 - 1000,16,51,120,50,38,8,0,0,0,7,223,1,7
PDX,Main,5/18/2014,1100 - 1200,15,41,160,75,43,0,0,0,0,7,285,1,8
PDX,Main,5/19/2014,0900 - 1000,24,59,84,48,46,35,0,0,0,5,218,1,5
PDX,Main,5/19/2014,1100 - 1200,22,50,104,57,72,24,0,0,0,7,264,1,5
PDX,Main,5/20/2014,1000 - 1100,13,40,110,37,20,0,0,0,0,5,172,1,7
PDX,Main,5/20/2014,1100 - 1200,22,56,114,87,41,36,0,0,0,7,285,1,7
PDX,Main,5/21/2014,1000 - 1100,10,27,111,50,0,0,0,0,0,5,166,1,7
PDX,Main,5/21/2014,1100 - 1200,16,47,152,69,49,8,0,0,0,9,287,1,7
PDX,Main,5/22/2014,1100 - 1200,17,43,121,92,46,0,0,0,0,6,265,1,6
PDX,Main,5/23/2014,0900 - 1000,19,48,97,60,51,7,0,0,0,7,222,1,6
PDX,Main,5/23/2014,1100 - 1200,19,46,120,79,58,5,0,0,0,12,274,1,6
PDX,Main,5/24/2014,0900 - 1000,9,33,150,39,8,0,0,0,0,6,203,1,7
PDX,Main,5/24/2014,1100 - 1200,35,52,0,86,125,36,0,0,0,8,255,1,8
PDX,Main,5/25/2014,0800 - 0900,14,38,135,58,29,0,0,0,0,5,227,1,7
PDX,Main,5/26/2014,0800 - 0900,18,47,102,69,41,7,0,0,0,7,226,1,7
PDX,Main,5/26/2014,1100 - 1200,17,44,125,98,43,0,0,0,0,14,280,1,8
PDX,Main,5/27/2014,0900 - 1000,28,80,77,49,31,23,31,0,0,6,217,1,5
PDX,Main,5/27/2014,1100 - 1200,27,63,76,75,65,38,7,0,0,9,270,1,5
PDX,Main,5/28/2014,0800 - 0900,21,61,93,52,47,21,2,0,0,7,222,1,4
PDX,Main,5/28/2014,1100 - 1200,23,67,102,75,37,29,11,0,0,8,262,1,4
PDX,Main,5/29/2014,0900 - 1000,29,76,69,50,44,29,20,0,0,12,224,1,5
PDX,Main,5/29/2014,1100 - 1200,25,61,95,72,62,36,4,0,0,13,282,1,6
PDX,Main,5/30/2014,0800 - 0900,26,69,85,48,27,32,17,0,0,6,215,1,5
PDX,Main,5/30/2014,1100 - 1200,20,58,123,72,40,29,0,0,0,9,273,1,6
PDX,Main,5/31/2014,0900 - 1000,14,42,140,49,33,0,0,0,0,5,227,1,7
PDX,Main,5/31/2014,1100 - 1200,9,27,209,54,0,0,0,0,0,7,270,1,8
PDX,Main,6/1/2014,0900 - 1000,15,42,114,54,32,0,0,0,0,4,204,1,7
PDX,Main,6/1/2014,1100 - 1200,13,38,159,73,27,0,0,0,0,9,268,1,7
PDX,Main,6/2/2014,0900 - 1000,17,44,92,54,33,0,0,0,0,6,185,1,7
PDX,Main,6/2/2014,1100 - 1200,18,47,124,87,51,5,0,0,0,8,275,1,6
PDX,Main,6/3/2014,0900 - 1000,18,47,98,41,39,10,0,0,0,3,191,1,5
PDX,Main,6/3/2014,1100 - 1200,19,55,121,65,35,20,0,0,0,7,248,1,5
PDX,Main,6/4/2014,0800 - 0900,25,67,87,41,33,35,12,0,0,7,215,1,6
PDX,Main,6/4/2014,1100 - 1200,28,77,87,63,43,31,32,0,0,8,264,1,5
PDX,Main,6/5/2014,0800 - 0900,13,40,136,51,28,0,0,0,0,5,220,1,6
PDX,Main,6/5/2014,1100 - 1200,18,53,136,65,51,19,0,0,0,8,279,1,6
PDX,Main,6/6/2014,0800 - 0900,9,32,145,38,7,0,0,0,0,6,196,1,7
PDX,Main,6/6/2014,1100 - 1200,17,52,154,55,36,21,0,0,0,8,274,1,7
PDX,Main,6/7/2014,0800 - 0900,14,33,114,82,11,0,0,0,0,11,218,1,7
PDX,Main,6/7/2014,1100 - 1200,12,30,139,67,0,0,0,0,0,11,217,1,8
PDX,Main,6/8/2014,0800 - 0900,16,44,111,49,36,0,0,0,0,12,208,1,7
PDX,Main,6/8/2014,1100 - 1200,14,34,138,85,14,0,0,0,0,13,250,1,8
PDX,Main,6/9/2014,0800 - 0900,21,49,81,53,45,14,0,0,0,10,203,1,6
PDX,Main,6/9/2014,1100 - 1200,21,56,90,62,34,21,0,0,0,12,219,1,6
PDX,Main,6/10/2014,0800 - 0900,20,54,84,56,40,12,0,0,0,6,198,1,5
PDX,Main,6/10/2014,1100 - 1200,17,47,112,56,36,6,0,0,0,7,217,1,6
PDX,Main,6/11/2014,0800 - 0900,28,67,65,48,30,35,16,0,0,12,206,1,5
PDX,Main,6/11/2014,1100 - 1200,16,41,88,61,17,0,0,0,0,10,176,1,6
PDX,Main,6/12/2014,0800 - 0900,21,50,80,58,42,10,0,0,0,10,200,1,5
PDX,Main,6/12/2014,1100 - 1200,18,44,92,72,36,0,0,0,0,10,210,1,5
PDX,Main,6/13/2014,0800 - 0900,12,38,136,41,20,0,0,0,0,6,203,1,6
PDX,Main,6/13/2014,1100 - 1200,15,43,156,58,53,0,0,0,0,8,275,1,7
PDX,Main,6/14/2014,0800 - 0900,13,37,129,52,16,0,0,0,0,12,209,1,7
PDX,Main,6/14/2014,1100 - 1200,15,40,122,49,32,0,0,0,0,10,213,1,8
PDX,Main,6/15/2014,0800 - 0900,19,49,95,52,46,12,0,0,0,4,209,1,8
PDX,Main,6/15/2014,1100 - 1200,16,45,156,63,59,0,0,0,0,9,287,1,8
PDX,Main,6/16/2014,0800 - 0900,12,37,110,47,14,0,0,0,0,5,176,1,6
PDX,Main,6/16/2014,1100 - 1200,18,50,121,78,41,11,0,0,0,8,259,1,6
PDX,Main,6/17/2014,0800 - 0900,16,47,106,52,32,7,0,0,0,3,200,1,6
PDX,Main,6/17/2014,1100 - 1200,17,44,118,65,52,0,0,0,0,7,242,1,6
PDX,Main,6/18/2014,0800 - 0900,24,58,73,57,34,28,0,0,0,6,198,1,5
PDX,Main,6/18/2014,1100 - 1200,21,52,86,72,40,20,0,0,0,6,224,1,5
PDX,Main,6/19/2014,0800 - 0900,22,61,90,46,25,32,2,0,0,7,202,1,5
PDX,Main,6/19/2014,1100 - 1200,12,35,157,53,21,0,0,0,0,5,236,1,7
PDX,Main,6/20/2014,0800 - 0900,10,33,145,45,8,0,0,0,0,6,204,1,6
PDX,Main,6/20/2014,1200 - 1300,14,44,151,56,38,0,0,0,0,7,252,1,6
PDX,Main,6/21/2014,0800 - 0900,8,24,155,39,0,0,0,0,0,5,199,1,8
PDX,Main,6/21/2014,1100 - 1200,15,38,148,89,36,0,0,0,0,8,281,1,8
PDX,Main,6/22/2014,0800 - 0900,15,40,104,49,30,0,0,0,0,5,188,1,6
PDX,Main,6/22/2014,1100 - 1200,12,38,183,67,28,0,0,0,0,6,284,1,7
PDX,Main,6/22/2014,1400 - 1500,20,20,0,8,0,0,0,0,0,0,8,1,1
PDX,Main,6/23/2014,0800 - 0900,24,59,66,60,26,31,0,0,0,6,189,1,4
PDX,Main,6/23/2014,1100 - 1200,14,43,150,64,36,0,0,0,0,7,257,1,6
PDX,Main,6/24/2014,0800 - 0900,18,54,105,42,31,18,0,0,0,6,202,1,5
PDX,Main,6/24/2014,1100 - 1200,17,44,122,82,41,0,0,0,0,6,251,1,5
PDX,Main,6/25/2014,0900 - 1000,18,52,100,52,28,15,0,0,0,6,201,1,5
PDX,Main,6/25/2014,1100 - 1200,13,41,170,54,35,0,0,0,0,7,266,1,5
PDX,Main,6/26/2014,0800 - 0900,14,40,117,58,27,0,0,0,0,7,209,1,5
PDX,Main,6/26/2014,1100 - 1200,12,34,170,83,17,0,0,0,0,5,275,1,6
PDX,Main,6/27/2014,0900 - 1000,17,48,107,48,39,10,0,0,0,5,209,1,5
PDX,Main,6/27/2014,1100 - 1200,17,50,136,75,55,11,0,0,0,9,286,1,5
PDX,Main,6/28/2014,0800 - 0900,5,18,168,14,0,0,0,0,0,6,188,1,8
PDX,Main,6/28/2014,1200 - 1300,12,31,168,111,4,0,0,0,0,7,290,1,8
PDX,Main,6/29/2014,0800 - 0900,18,39,93,80,28,0,0,0,0,12,213,1,7
PDX,Main,6/29/2014,1100 - 1200,15,31,129,135,2,0,0,0,0,15,281,1,8
PDX,Main,6/30/2014,0800 - 0900,16,46,100,65,27,4,0,0,0,7,203,1,5
PDX,Main,6/30/2014,1100 - 1200,24,57,96,74,73,31,0,0,0,9,283,1,6
PDX,Main,7/1/2014,0900 - 1000,24,64,79,49,37,24,11,0,0,6,206,1,4
PDX,Main,7/1/2014,1100 - 1200,26,74,111,58,40,31,32,0,0,8,280,1,5
PDX,Main,7/2/2014,0900 - 1000,13,35,119,64,13,0,0,0,0,5,201,1,6
PDX,Main,7/2/2014,1100 - 1200,19,49,121,72,62,13,0,0,0,9,277,1,6
PDX,Main,7/3/2014,0900 - 1000,15,40,103,69,27,0,0,0,0,7,206,1,7
PDX,Main,7/3/2014,1100 - 1200,13,38,172,80,23,0,0,0,0,8,283,1,6
PDX,Main,7/4/2014,0900 - 1000,11,37,121,43,14,0,0,0,0,6,184,1,7
PDX,Main,7/4/2014,1100 - 1200,14,38,145,86,25,0,0,0,0,6,262,1,8
PDX,Main,7/5/2014,0900 - 1000,17,45,98,43,42,0,0,0,0,3,186,1,6
PDX,Main,7/5/2014,1100 - 1200,15,45,148,70,44,0,0,0,0,7,269,1,7
PDX,Main,7/6/2014,0900 - 1000,15,40,100,46,33,0,0,0,0,5,184,1,6
PDX,Main,7/6/2014,1000 - 1100,13,33,157,102,18,0,0,0,0,4,281,1,7
PDX,Main,7/7/2014,0800 - 0900,14,40,118,53,25,0,0,0,0,5,201,1,7
PDX,Main,7/7/2014,1000 - 1100,14,36,158,89,23,0,0,0,0,9,279,1,7
PDX,Main,7/8/2014,0900 - 1000,20,47,83,49,50,7,0,0,0,3,192,1,5
PDX,Main,7/8/2014,1100 - 1200,16,44,138,91,50,0,0,0,0,6,285,1,6
PDX,Main,7/9/2014,0900 - 1000,12,35,123,45,12,0,0,0,0,5,185,1,6
PDX,Main,7/9/2014,1100 - 1200,19,47,123,67,70,7,0,0,0,9,276,1,6
PDX,Main,7/10/2014,0900 - 1000,13,45,123,39,30,0,0,0,0,5,197,1,5
PDX,Main,7/10/2014,1100 - 1200,16,46,147,57,48,4,0,0,0,8,264,1,6
PDX,Main,7/11/2014,0900 - 1000,19,50,91,39,36,14,0,0,0,6,186,1,5
PDX,Main,7/11/2014,1100 - 1200,19,49,120,81,53,12,0,0,0,7,273,1,5
PDX,Main,7/12/2014,0900 - 1000,24,55,79,51,42,32,0,0,0,6,210,1,6
PDX,Main,7/12/2014,1100 - 1200,13,34,174,91,22,0,0,0,0,9,296,1,7
PDX,Main,7/13/2014,0900 - 1000,15,44,120,38,40,0,0,0,0,7,205,1,6
PDX,Main,7/13/2014,1000 - 1100,13,36,176,62,29,0,0,0,0,11,278,1,7
PDX,Main,7/14/2014,0900 - 1000,14,45,125,42,33,0,0,0,0,6,206,1,5
PDX,Main,7/14/2014,1100 - 1200,20,55,119,82,47,25,0,0,0,7,280,1,5
PDX,Main,7/15/2014,0900 - 1000,25,66,83,49,27,32,13,0,0,7,211,1,4
PDX,Main,7/15/2014,1100 - 1200,24,65,114,73,47,36,12,0,0,10,292,1,5
PDX,Main,7/16/2014,0900 - 1000,25,55,73,47,44,34,0,0,0,6,204,1,4
PDX,Main,7/16/2014,1100 - 1200,21,52,120,74,54,28,0,0,0,8,284,1,5
PDX,Main,7/17/2014,0900 - 1000,17,45,109,49,47,0,0,0,0,6,211,1,5
PDX,Main,7/17/2014,1100 - 1200,22,65,132,61,38,31,15,0,0,9,286,1,5
PDX,Main,7/18/2014,0900 - 1000,25,70,87,46,26,30,18,0,0,5,212,1,4
PDX,Main,7/18/2014,1100 - 1200,43,86,36,57,65,47,69,0,0,9,283,1,4
PDX,Main,7/19/2014,0900 - 1000,15,43,115,47,41,0,0,0,0,7,210,1,6
PDX,Main,7/19/2014,1100 - 1200,19,48,134,63,65,15,0,0,0,9,286,1,6
PDX,Main,7/20/2014,0900 - 1000,12,33,132,55,15,0,0,0,0,7,209,1,6
PDX,Main,7/20/2014,1100 - 1200,12,35,165,77,25,0,0,0,0,8,275,1,7
PDX,Main,7/21/2014,0900 - 1000,23,53,79,52,52,23,0,0,0,5,211,1,5
PDX,Main,7/21/2014,1100 - 1200,23,63,109,75,39,41,7,0,0,7,278,1,5
PDX,Main,7/22/2014,0900 - 1000,11,29,137,65,0,0,0,0,0,6,208,1,7
PDX,Main,7/22/2014,1100 - 1200,16,46,155,64,50,3,0,0,0,8,280,1,7
PDX,Main,7/23/2014,0900 - 1000,14,37,119,46,23,0,0,0,0,5,193,1,6
PDX,Main,7/23/2014,1100 - 1200,19,52,132,85,46,18,0,0,0,8,289,1,6
PDX,Main,7/24/2014,0900 - 1000,19,51,100,56,34,16,0,0,0,5,211,1,5
PDX,Main,7/24/2014,1300 - 1400,15,47,167,59,47,6,0,0,0,6,285,1,7
PDX,Main,7/25/2014,0900 - 1000,12,35,127,50,25,0,0,0,0,5,218,1,6
PDX,Main,7/25/2014,1100 - 1200,17,46,136,65,54,5,0,0,0,6,279,1,6
PDX,Main,7/26/2014,0900 - 1000,12,33,131,63,10,0,0,0,0,4,208,1,6
PDX,Main,7/26/2014,1100 - 1200,19,51,131,74,55,17,0,0,0,8,285,1,6
PDX,Main,7/27/2014,0900 - 1000,21,48,86,47,64,7,0,0,0,7,211,1,6
PDX,Main,7/27/2014,1100 - 1200,13,38,165,84,23,0,0,0,0,9,281,1,7
PDX,Main,7/28/2014,0900 - 1000,25,55,74,45,48,35,0,0,0,5,207,1,5
PDX,Main,7/28/2014,1300 - 1400,17,45,136,78,60,0,0,0,0,6,280,1,7
PDX,Main,7/29/2014,0900 - 1000,21,64,107,36,23,30,8,0,0,7,211,1,5
PDX,Main,7/29/2014,1100 - 1200,18,46,121,85,55,3,0,0,0,7,271,1,6
PDX,Main,7/30/2014,0900 - 1000,28,69,76,45,29,32,22,0,0,6,210,1,5
PDX,Main,7/30/2014,1100 - 1200,28,74,107,68,35,40,37,0,0,8,295,1,4
PDX,Main,7/31/2014,0900 - 1000,14,37,118,59,28,0,0,0,0,5,210,1,7
PDX,Main,7/31/2014,1100 - 1200,20,55,127,72,38,37,0,0,0,9,283,1,7
PDX,Main,8/1/2014,1100 - 1200,29,72,92,79,38,37,33,0,0,14,293,1,6
PDX,Main,8/2/2014,0900 - 1000,26,55,69,49,45,37,0,0,0,12,212,1,6
PDX,Main,8/2/2014,1100 - 1200,24,58,94,94,53,32,0,0,0,14,287,1,6
PDX,Main,8/3/2014,0900 - 1000,22,53,94,47,49,30,0,0,0,6,226,1,6
PDX,Main,8/3/2014,1100 - 1200,16,46,159,66,58,2,0,0,0,8,293,1,7
PDX,Main,8/4/2014,0900 - 1000,18,56,117,32,33,23,0,0,0,7,212,1,6
PDX,Main,8/4/2014,1000 - 1100,18,50,133,80,43,17,0,0,0,7,280,1,6
PDX,Main,8/5/2014,0900 - 1000,29,79,76,43,27,24,35,0,0,7,212,1,4
PDX,Main,8/5/2014,1100 - 1200,31,73,82,62,69,37,34,0,0,7,291,1,4
PDX,Main,8/6/2014,0900 - 1000,21,50,85,60,39,15,0,0,0,12,211,1,6
PDX,Main,8/6/2014,1100 - 1200,27,68,102,67,48,38,18,0,0,15,288,1,6
PDX,Main,8/7/2014,0800 - 0900,25,62,67,68,36,24,3,0,0,12,210,1,5
PDX,Main,8/7/2014,1100 - 1200,32,74,79,53,71,37,33,0,0,15,288,1,5
PDX,Main,8/8/2014,0900 - 1000,20,51,94,54,45,14,0,0,0,5,212,1,5
PDX,Main,8/8/2014,1200 - 1300,22,57,109,79,62,26,0,0,0,8,284,1,5
PDX,Main,8/9/2014,0900 - 1000,16,42,110,54,43,0,0,0,0,3,210,1,6
PDX,Main,8/9/2014,1100 - 1200,20,48,126,83,53,12,0,0,0,8,282,1,7
PDX,Main,8/10/2014,1000 - 1100,21,51,92,41,50,15,0,0,0,11,209,1,7
PDX,Main,8/10/2014,1100 - 1200,18,41,124,87,45,0,0,0,0,14,270,1,7
PDX,Main,8/11/2014,0900 - 1000,21,54,94,54,36,22,0,0,0,6,212,1,5
PDX,Main,8/11/2014,1100 - 1200,27,66,88,75,68,37,18,0,0,8,294,1,5
PDX,Main,8/12/2014,0800 - 0900,27,65,66,62,35,28,13,0,0,10,214,1,5
PDX,Main,8/12/2014,1100 - 1200,27,63,73,77,90,30,6,0,0,15,291,1,5
PDX,Main,8/13/2014,0900 - 1000,24,61,74,57,42,29,1,0,0,7,210,1,4
PDX,Main,8/13/2014,1100 - 1200,23,59,84,85,50,28,0,0,0,7,254,1,6
PDX,Main,8/14/2014,0800 - 0900,13,37,124,49,24,0,0,0,0,6,203,1,7
PDX,Main,8/14/2014,1100 - 1200,15,39,145,84,31,0,0,0,0,9,269,1,7
PDX,Main,8/15/2014,0800 - 0900,19,56,106,51,26,23,0,0,0,5,211,1,5
PDX,Main,8/15/2014,1100 - 1200,20,58,111,102,31,30,0,0,0,9,283,1,5
PDX,Main,8/16/2014,0900 - 1000,16,45,118,43,41,0,0,0,0,6,208,1,6
PDX,Main,8/16/2014,1200 - 1300,17,50,143,81,46,14,0,0,0,9,293,1,7
PDX,Main,8/17/2014,0800 - 0900,19,60,98,43,33,23,0,0,0,7,204,1,6
PDX,Main,8/17/2014,1100 - 1200,22,57,116,76,51,35,0,0,0,13,291,1,6
PDX,Main,8/18/2014,0900 - 1000,28,65,64,47,47,34,10,0,0,7,209,1,5
PDX,Main,8/18/2014,1100 - 1200,24,67,106,86,43,36,16,0,0,9,296,1,5
PDX,Main,8/19/2014,0900 - 1000,30,79,71,45,35,23,33,0,0,5,212,1,5
PDX,Main,8/19/2014,1100 - 1200,23,56,118,75,52,40,0,0,0,8,293,1,6
PDX,Main,8/20/2014,0900 - 1000,24,66,93,33,23,37,15,0,0,6,207,1,5
PDX,Main,8/20/2014,1100 - 1200,31,83,98,53,57,42,37,0,0,9,296,1,5
PDX,Main,8/21/2014,0900 - 1000,26,78,90,32,22,20,27,0,0,4,195,1,5
PDX,Main,8/21/2014,1100 - 1200,25,69,107,65,51,34,19,0,0,9,285,1,5
PDX,Main,8/21/2014,1500 - 1600,4,5,6,0,0,0,0,0,0,0,6,1,1
PDX,Main,8/22/2014,0900 - 1000,14,41,123,46,30,0,0,0,0,7,206,1,6
PDX,Main,8/22/2014,1100 - 1200,22,60,122,81,42,45,0,0,0,6,296,1,6
PDX,Main,8/23/2014,0900 - 1000,16,43,111,49,43,0,0,0,0,6,209,1,6
PDX,Main,8/23/2014,1100 - 1200,27,67,95,81,53,40,19,0,0,5,293,1,6
PDX,Main,8/24/2014,0800 - 0900,16,41,113,47,42,0,0,0,0,7,209,1,7
PDX,Main,8/24/2014,1200 - 1300,15,45,148,88,40,0,0,0,0,9,285,1,6
PDX,Main,8/25/2014,0900 - 1000,23,63,92,43,30,32,7,0,0,6,210,1,5
PDX,Main,8/25/2014,1100 - 1200,26,63,84,73,60,40,5,0,0,9,271,1,5
PDX,Main,8/26/2014,0800 - 0900,20,56,104,45,34,23,0,0,0,6,212,1,6
PDX,Main,8/26/2014,1300 - 1400,19,50,113,81,50,17,0,0,0,9,270,1,7
PDX,Main,8/27/2014,0900 - 1000,23,61,74,63,29,32,1,0,0,7,206,1,5
PDX,Main,8/27/2014,1100 - 1200,22,54,105,60,65,19,0,0,0,8,257,1,5
PDX,Main,8/28/2014,0800 - 0900,25,69,70,59,32,20,13,0,0,5,199,1,4
PDX,Main,8/28/2014,1100 - 1200,21,57,102,73,50,20,0,0,0,7,252,1,5
PDX,Main,8/28/2014,1400 - 1500,0,1,5,0,0,0,0,0,0,1,6,1,1
PDX,Main,8/29/2014,0900 - 1000,10,27,136,66,0,0,0,0,0,7,209,1,7
PDX,Main,8/29/2014,1200 - 1300,14,39,138,72,32,0,0,0,0,5,247,1,6
PDX,Main,8/30/2014,0900 - 1000,8,31,150,40,3,0,0,0,0,5,198,1,6
PDX,Main,8/30/2014,1100 - 1200,10,29,195,71,0,0,0,0,0,9,275,1,8
PDX,Main,8/31/2014,0900 - 1000,13,36,114,56,18,0,0,0,0,6,194,1,6
PDX,Main,8/31/2014,1100 - 1200,15,39,137,91,32,0,0,0,0,8,268,1,7
PDX,Main,9/1/2014,0900 - 1000,18,49,108,41,44,13,0,0,0,4,210,1,6
PDX,Main,9/1/2014,1100 - 1200,14,41,165,63,38,0,0,0,0,7,273,1,7
PDX,Main,9/2/2014,0800 - 0900,21,56,95,33,45,27,0,0,0,7,207,1,7
PDX,Main,9/2/2014,1100 - 1200,18,51,131,75,48,16,0,0,0,8,278,1,7
PDX,Main,9/3/2014,0900 - 1000,26,66,78,40,33,36,13,0,0,7,207,1,5
PDX,Main,9/3/2014,1100 - 1200,29,75,79,71,59,27,31,0,0,8,275,1,5
PDX,Main,9/4/2014,0900 - 1000,39,98,52,31,41,34,34,12,0,7,211,1,4
PDX,Main,9/4/2014,1100 - 1200,22,63,104,58,36,26,8,0,0,6,238,1,5
PDX,Main,9/5/2014,0900 - 1000,16,50,113,36,39,7,0,0,0,6,201,1,7
PDX,Main,9/5/2014,1100 - 1200,19,54,104,54,41,16,0,0,0,7,222,1,6
PDX,Main,9/6/2014,0900 - 1000,12,36,105,45,20,0,0,0,0,4,174,1,6
PDX,Main,9/6/2014,1100 - 1200,17,44,142,58,63,0,0,0,0,8,271,1,7
PDX,Main,9/7/2014,0800 - 0900,16,44,95,45,38,0,0,0,0,4,182,1,6
PDX,Main,9/7/2014,1100 - 1200,18,53,146,67,47,27,0,0,0,8,295,1,7
PDX,Main,9/8/2014,0900 - 1000,15,43,84,32,28,0,0,0,0,3,147,1,6
PDX,Main,9/8/2014,1100 - 1200,23,60,98,77,52,31,0,0,0,6,264,1,6
PDX,Main,9/9/2014,0800 - 0900,16,46,96,37,31,2,0,0,0,5,171,1,6
PDX,Main,9/9/2014,1100 - 1200,25,68,104,57,47,32,18,0,0,8,266,1,6
PDX,Main,9/9/2014,1900 - 2000,1,1,6,0,0,0,0,0,0,1,7,1,1
PDX,Main,9/10/2014,0800 - 0900,20,55,90,47,34,22,0,0,0,6,199,1,7
PDX,Main,9/10/2014,1100 - 1200,26,71,124,33,27,31,35,0,0,7,257,1,7
PDX,Main,9/11/2014,0900 - 1000,20,52,102,37,36,30,0,0,0,5,210,1,7
PDX,Main,9/11/2014,1100 - 1200,16,45,111,76,43,0,0,0,0,7,237,1,7
PDX,Main,9/12/2014,0800 - 0900,19,49,96,46,45,10,0,0,0,7,204,1,5
PDX,Main,9/12/2014,1100 - 1200,17,48,125,76,42,5,0,0,0,8,256,1,6
PDX,Main,9/13/2014,0900 - 1000,22,53,84,49,41,19,0,0,0,11,204,1,5
PDX,Main,9/13/2014,1200 - 1300,15,38,154,79,32,0,0,0,0,13,278,1,7
PDX,Main,9/14/2014,0900 - 1000,17,48,111,43,39,10,0,0,0,6,209,1,6
PDX,Main,9/14/2014,1100 - 1200,14,42,155,90,36,0,0,0,0,7,288,1,7
PDX,Main,9/15/2014,0800 - 0900,20,57,96,39,31,25,0,0,0,6,197,1,6
PDX,Main,9/15/2014,1200 - 1300,14,46,164,68,33,3,0,0,0,7,275,1,7
PDX,Main,9/16/2014,0800 - 0900,23,57,83,40,46,30,0,0,0,7,206,1,6
PDX,Main,9/16/2014,1100 - 1200,21,57,133,59,57,34,0,0,0,9,292,1,6
PDX,Main,9/17/2014,0800 - 0900,14,41,107,46,24,0,0,0,0,5,182,1,7
PDX,Main,9/17/2014,1400 - 1500,13,34,166,92,15,0,0,0,0,7,280,1,9
PDX,Main,9/18/2014,0800 - 0900,14,46,124,37,35,3,0,0,0,5,204,1,7
PDX,Main,9/18/2014,1100 - 1200,15,48,160,82,35,7,0,0,0,11,295,1,7
PDX,Main,9/19/2014,0800 - 0900,19,49,91,44,49,5,0,0,0,6,195,1,5
PDX,Main,9/19/2014,1100 - 1200,17,56,153,68,36,26,0,0,0,9,292,1,6
PDX,Main,9/20/2014,0800 - 0900,11,35,122,57,12,0,0,0,0,3,194,1,7
PDX,Main,9/20/2014,1100 - 1200,8,28,185,48,0,0,0,0,0,8,241,1,8
PDX,Main,9/21/2014,0800 - 0900,17,45,101,43,46,0,0,0,0,4,194,1,7
PDX,Main,9/21/2014,0900 - 1000,1,1,5,0,0,0,0,0,0,1,6,1,1
PDX,Main,9/21/2014,1200 - 1300,14,46,164,83,38,1,0,0,0,9,295,1,7
PDX,Main,9/22/2014,0800 - 0900,20,53,105,33,42,23,0,0,0,6,209,1,6
PDX,Main,9/22/2014,1100 - 1200,17,45,137,94,49,0,0,0,0,9,289,1,6
PDX,Main,9/23/2014,0900 - 1000,13,36,107,60,19,0,0,0,0,4,190,1,7
PDX,Main,9/23/2014,1200 - 1300,14,44,157,87,35,0,0,0,0,9,288,1,7
PDX,Main,9/24/2014,0900 - 1000,11,35,129,45,17,0,0,0,0,5,196,1,7
PDX,Main,9/24/2014,1200 - 1300,15,47,145,86,35,4,0,0,0,8,278,1,7
PDX,Main,9/25/2014,0800 - 0900,13,29,116,91,0,0,0,0,0,2,209,1,8
PDX,Main,9/25/2014,1200 - 1300,16,46,149,87,46,2,0,0,0,8,292,1,7
PDX,Main,9/26/2014,0800 - 0900,16,54,107,22,24,19,0,0,0,4,176,1,7
PDX,Main,9/26/2014,1200 - 1300,18,58,156,68,31,33,0,0,0,7,295,1,7
PDX,Main,9/27/2014,1100 - 1200,12,40,127,43,16,0,0,0,0,5,191,1,8
PDX,Main,9/27/2014,1200 - 1300,18,56,138,80,35,20,0,0,0,9,282,1,6
PDX,Main,9/28/2014,0900 - 1000,15,42,102,47,35,0,0,0,0,6,190,1,6
PDX,Main,9/28/2014,1100 - 1200,19,51,129,89,52,17,0,0,0,7,294,1,8
PDX,Main,9/29/2014,0900 - 1000,8,30,105,31,0,0,0,0,0,5,141,1,6
PDX,Main,9/29/2014,1200 - 1300,18,44,134,100,55,0,0,0,0,7,296,1,6
PDX,Main,9/30/2014,0800 - 0900,6,19,105,14,0,0,0,0,0,3,122,1,7
PDX,Main,9/30/2014,1100 - 1200,13,37,170,94,23,0,0,0,0,7,294,1,7
PDX,Main,10/1/2014,0800 - 0900,7,21,93,16,0,0,0,0,0,4,113,1,6
PDX,Main,10/1/2014,1100 - 1200,16,48,138,90,38,6,0,0,0,9,281,1,7
PDX,Main,10/2/2014,0800 - 0900,11,35,112,43,8,0,0,0,0,6,169,1,6
PDX,Main,10/2/2014,1100 - 1200,21,52,122,76,70,18,0,0,0,9,295,1,5
PDX,Main,10/3/2014,0900 - 1000,12,39,104,33,20,0,0,0,0,5,162,1,5
PDX,Main,10/3/2014,1100 - 1200,11,35,166,73,14,0,0,0,0,7,260,1,6
PDX,Main,10/4/2014,0800 - 0900,8,30,124,38,0,0,0,0,0,3,165,1,7
PDX,Main,10/4/2014,1100 - 1200,12,33,179,94,12,0,0,0,0,8,293,1,7
PDX,Main,10/4/2014,1200 - 1300,1,2,7,0,0,0,0,0,0,1,8,1,1
PDX,Main,10/5/2014,0800 - 0900,1,1,7,0,0,0,0,0,0,1,8,1,1
PDX,Main,10/5/2014,0900 - 1000,12,31,103,57,4,0,0,0,0,4,168,1,7
PDX,Main,10/5/2014,1100 - 1200,13,38,156,102,20,0,0,0,0,9,287,1,7
PDX,Main,10/6/2014,0900 - 1000,4,13,87,0,0,0,0,0,0,2,89,1,6
PDX,Main,10/6/2014,1100 - 1200,13,39,159,82,26,0,0,0,0,7,274,1,6
PDX,Main,10/6/2014,2200 - 2300,26,56,38,34,28,20,0,0,0,7,127,1,4
PDX,Main,10/7/2014,0800 - 0900,8,26,106,30,0,0,0,0,0,3,139,1,7
PDX,Main,10/7/2014,1100 - 1200,14,45,168,75,38,0,0,0,0,7,288,1,8
PDX,Main,10/8/2014,0900 - 1000,5,20,117,14,0,0,0,0,0,3,134,1,7
PDX,Main,10/8/2014,1100 - 1200,14,35,129,107,18,0,0,0,0,5,259,1,7
PDX,Main,10/9/2014,0800 - 0900,9,24,115,40,0,0,0,0,0,5,160,1,5
PDX,Main,10/9/2014,1100 - 1200,23,54,95,69,79,23,0,0,0,9,275,1,5
PDX,Main,10/10/2014,0800 - 0900,5,19,106,10,0,0,0,0,0,4,120,1,5
PDX,Main,10/10/2014,1100 - 1200,19,59,131,64,34,31,0,0,0,8,268,1,6
PDX,Main,10/11/2014,0800 - 0900,10,32,122,50,6,0,0,0,0,6,184,1,6
PDX,Main,10/11/2014,1100 - 1200,9,28,198,68,0,0,0,0,0,6,272,1,8
PDX,Main,10/11/2014,2200 - 2300,66,126,29,7,10,16,35,44,5,5,151,1,5
PDX,Main,10/12/2014,0900 - 1000,8,25,109,33,0,0,0,0,0,5,147,1,7
PDX,Main,10/12/2014,1100 - 1200,15,36,146,108,27,0,0,0,0,8,289,1,7
PDX,Main,10/13/2014,0900 - 1000,7,24,93,19,0,0,0,0,0,4,116,1,7
PDX,Main,10/13/2014,1100 - 1200,15,42,148,66,42,0,0,0,0,6,262,1,8
PDX,Main,10/13/2014,2200 - 2300,25,68,40,15,17,12,8,0,0,3,95,1,4
PDX,Main,10/14/2014,1100 - 1200,16,52,146,68,25,14,0,0,0,8,261,1,7
PDX,Main,10/15/2014,1200 - 1300,19,56,101,70,44,16,0,0,0,8,239,1,6
PDX,Main,10/16/2014,0800 - 0900,20,56,88,43,29,21,0,0,0,6,187,1,5
PDX,Main,10/16/2014,1100 - 1200,21,52,112,88,61,19,0,0,0,6,286,1,6
PDX,Main,10/17/2014,0700 - 0800,1,1,6,0,0,0,0,0,0,1,7,1,1
PDX,Main,10/17/2014,0800 - 0900,4,18,108,7,0,0,0,0,0,4,119,1,5
PDX,Main,10/17/2014,1100 - 1200,24,68,116,73,42,34,17,0,0,10,292,1,5
PDX,Main,10/18/2014,0800 - 0900,12,34,103,47,9,0,0,0,0,4,163,1,5
PDX,Main,10/18/2014,1100 - 1200,16,47,143,73,42,4,0,0,0,9,271,1,7
PDX,Main,10/18/2014,2200 - 2300,33,74,29,21,18,16,17,0,0,7,108,1,4
PDX,Main,10/19/2014,0800 - 0900,21,57,86,50,41,24,0,0,0,7,208,1,5
PDX,Main,10/19/2014,1100 - 1200,17,48,145,79,54,9,0,0,0,9,296,1,6
PDX,Main,10/20/2014,0800 - 0900,12,34,103,45,10,0,0,0,0,5,163,1,6
PDX,Main,10/20/2014,1100 - 1200,20,59,126,73,40,33,0,0,0,8,280,1,6
PDX,Main,10/20/2014,2200 - 2300,31,71,30,10,19,20,8,0,0,5,92,1,4
PDX,Main,10/21/2014,1100 - 1200,20,50,97,59,55,13,0,0,0,7,231,1,5
PDX,Main,10/22/2014,1100 - 1200,20,47,82,61,56,4,0,0,0,7,210,1,6
PDX,Main,10/23/2014,0800 - 0900,12,34,93,42,12,0,0,0,0,3,150,1,5
PDX,Main,10/23/2014,1100 - 1200,24,59,88,67,71,33,0,0,0,8,267,1,5
PDX,Main,10/24/2014,0800 - 0900,6,17,106,7,0,0,0,0,0,2,115,1,5
PDX,Main,10/24/2014,1100 - 1200,17,52,143,69,39,16,0,0,0,9,276,1,7
PDX,Main,10/25/2014,0900 - 1000,11,40,137,41,15,0,0,0,0,5,198,1,6
PDX,Main,10/25/2014,1200 - 1300,8,22,172,36,0,0,0,0,0,7,215,1,7
PDX,Main,10/25/2014,2200 - 2300,36,72,27,30,32,24,22,0,0,8,143,1,4
PDX,Main,10/26/2014,0900 - 1000,9,26,111,43,0,0,0,0,0,4,158,1,5
PDX,Main,10/26/2014,1200 - 1300,14,32,108,88,8,0,0,0,0,6,210,1,6
PDX,Main,10/27/2014,0900 - 1000,14,33,82,59,8,0,0,0,0,3,152,1,6
PDX,Main,10/27/2014,2200 - 2300,21,48,34,24,21,5,0,0,0,3,87,1,5
PDX,Main,10/28/2014,1200 - 1300,19,43,91,50,60,0,0,0,0,5,206,1,5
PDX,Main,10/30/2014,1000 - 1100,20,45,80,52,59,0,0,0,0,6,197,1,5
PDX,Main,10/30/2014,1200 - 1300,16,37,98,67,29,0,0,0,0,6,200,1,5
PDX,Main,10/31/2014,0900 - 1000,20,53,87,52,35,17,0,0,0,6,197,1,5
PDX,Main,10/31/2014,1200 - 1300,9,26,143,52,0,0,0,0,0,5,200,1,6
PDX,Main,11/1/2014,0900 - 1000,15,45,94,34,32,0,0,0,0,4,164,1,5
PDX,Main,11/1/2014,1200 - 1300,14,39,113,66,22,0,0,0,0,7,208,1,6
PDX,Main,11/1/2014,2200 - 2300,7,22,69,12,0,0,0,0,0,3,84,1,6
PDX,Main,11/2/2014,0800 - 0900,16,43,101,57,32,0,0,0,0,5,195,1,5
PDX,Main,11/2/2014,1100 - 1200,11,30,145,57,0,0,0,0,0,7,209,1,6
PDX,Main,11/3/2014,0800 - 0900,11,32,114,45,4,0,0,0,0,5,168,1,7
PDX,Main,11/3/2014,2200 - 2300,22,53,40,19,24,7,0,0,0,5,95,1,5
PDX,Main,11/4/2014,1100 - 1200,16,44,98,68,34,0,0,0,0,7,207,1,5
PDX,Main,11/4/2014,2000 - 2100,4,9,30,0,0,0,0,0,0,2,32,1,3
PDX,Main,11/6/2014,0700 - 0800,12,32,95,52,3,0,0,0,0,5,155,1,5
PDX,Main,11/6/2014,1200 - 1300,7,22,123,23,0,0,0,0,0,5,151,1,6
PDX,Main,11/7/2014,0800 - 0900,6,16,107,5,0,0,0,0,0,3,115,1,5
PDX,Main,11/7/2014,1100 - 1200,11,32,147,50,7,0,0,0,0,5,209,1,7
PDX,Main,11/7/2014,2100 - 2200,4,14,53,0,0,0,0,0,0,2,55,1,2
PDX,Main,11/8/2014,0700 - 0800,16,33,65,60,13,0,0,0,0,5,143,1,5
PDX,Main,11/8/2014,1100 - 1200,9,27,149,45,0,0,0,0,0,4,198,1,7
PDX,Main,11/8/2014,2000 - 2100,3,10,58,0,0,0,0,0,0,2,60,1,3
PDX,Main,11/8/2014,2200 - 2300,38,73,20,22,26,24,20,0,0,7,119,1,5
PDX,Main,11/9/2014,0800 - 0900,17,51,108,37,23,16,0,0,0,3,187,1,5
PDX,Main,11/9/2014,1100 - 1200,9,30,161,51,0,0,0,0,0,3,215,1,7
PDX,Main,11/9/2014,2000 - 2100,13,27,77,53,0,0,0,0,0,3,133,1,2
PDX,Main,11/10/2014,0700 - 0800,11,39,106,27,16,0,0,0,0,5,154,1,6
PDX,Main,11/10/2014,2200 - 2300,23,47,38,31,31,5,0,0,0,3,108,1,5
PDX,Main,11/11/2014,1100 - 1200,12,39,138,44,24,0,0,0,0,7,213,1,6
PDX,Main,11/11/2014,2000 - 2100,13,31,73,59,5,0,0,0,0,1,138,1,3
PDX,Main,11/12/2014,0800 - 0900,24,58,86,27,38,37,0,0,0,6,194,1,5
PDX,Main,11/13/2014,0800 - 0900,7,20,122,18,0,0,0,0,0,3,143,1,8
PDX,Main,11/13/2014,1100 - 1200,12,36,134,49,16,0,0,0,0,7,206,1,8
PDX,Main,11/14/2014,0800 - 0900,8,25,121,29,0,0,0,0,0,5,155,1,6
PDX,Main,11/14/2014,1100 - 1200,11,36,129,57,12,0,0,0,0,7,205,1,6
PDX,Main,11/14/2014,2000 - 2100,10,25,83,34,0,0,0,0,0,3,120,1,2
PDX,Main,11/15/2014,0800 - 0900,16,46,95,78,26,2,0,0,0,6,207,1,5
PDX,Main,11/15/2014,1100 - 1200,11,37,141,44,18,0,0,0,0,6,209,1,6
PDX,Main,11/15/2014,2100 - 2200,22,47,57,40,45,8,0,0,0,4,154,1,2
PDX,Main,11/15/2014,2300 - 0000,36,73,31,25,25,27,22,0,0,7,137,1,4
PDX,Main,11/16/2014,0800 - 0900,16,44,107,64,40,0,0,0,0,7,218,1,5
PDX,Main,11/16/2014,1100 - 1200,11,33,136,58,7,0,0,0,0,7,208,1,6
PDX,Main,11/16/2014,2000 - 2100,16,35,69,53,22,0,0,0,0,2,146,1,2
PDX,Main,11/17/2014,0800 - 0900,16,42,87,71,24,0,0,0,0,4,186,1,6
PDX,Main,11/17/2014,2200 - 2300,24,45,27,35,32,0,0,0,0,5,99,1,5
PDX,Main,11/18/2014,1000 - 1100,19,47,85,75,40,6,0,0,0,6,212,1,5
PDX,Main,11/18/2014,2000 - 2100,8,22,88,25,0,0,0,0,0,2,115,1,3
PDX,Main,11/20/2014,0800 - 0900,18,52,79,72,19,11,0,0,0,6,187,1,6
PDX,Main,11/20/2014,1200 - 1300,22,54,76,51,41,25,0,0,0,6,199,1,5
PDX,Main,11/20/2014,2000 - 2100,4,11,54,0,0,0,0,0,0,2,56,1,2
PDX,Main,11/21/2014,0800 - 0900,16,46,99,57,29,2,0,0,0,5,192,1,5
PDX,Main,11/21/2014,1100 - 1200,21,55,93,41,38,26,0,0,0,6,204,1,5
PDX,Main,11/21/2014,2000 - 2100,16,35,64,47,19,0,0,0,0,5,135,1,3
PDX,Main,11/22/2014,0700 - 0800,19,55,101,55,37,12,0,0,0,7,212,1,5
PDX,Main,11/22/2014,1000 - 1100,16,37,97,77,21,0,0,0,0,7,202,1,5
PDX,Main,11/22/2014,2000 - 2100,11,22,75,33,0,0,0,0,0,5,113,1,3
PDX,Main,11/22/2014,2200 - 2300,32,67,33,28,23,25,11,0,0,6,126,1,5
PDX,Main,11/23/2014,0800 - 0900,13,32,82,57,5,0,0,0,0,5,149,1,5
PDX,Main,11/23/2014,1200 - 1300,27,71,109,2,4,51,32,0,0,6,204,1,6
PDX,Main,11/23/2014,2100 - 2200,11,24,70,27,0,0,0,0,0,6,103,1,3
PDX,Main,11/24/2014,0900 - 1000,12,34,85,46,7,0,0,0,0,4,142,1,5
PDX,Main,11/24/2014,2000 - 2100,8,21,72,22,0,0,0,0,0,1,95,1,2
PDX,Main,11/24/2014,2300 - 0000,34,68,32,14,24,31,14,0,0,4,119,1,4
PDX,Main,11/25/2014,1100 - 1200,18,51,87,58,26,9,0,0,0,6,186,1,5
PDX,Main,11/25/2014,2000 - 2100,15,31,45,48,4,0,0,0,0,1,98,1,3
PDX,Main,11/26/2014,2000 - 2100,10,27,54,29,0,0,0,0,0,3,86,1,3
PDX,Main,11/27/2014,0800 - 0900,11,31,95,50,2,0,0,0,0,5,152,1,7
PDX,Main,11/27/2014,1100 - 1200,8,30,110,31,0,0,0,0,0,5,146,1,7
PDX,Main,11/27/2014,2000 - 2100,10,27,80,44,0,0,0,0,0,3,127,1,3
PDX,Main,11/28/2014,1100 - 1200,12,29,67,39,0,0,0,0,0,4,110,1,5
PDX,Main,11/28/2014,2000 - 2100,23,45,55,64,54,0,0,0,0,10,183,1,2
PDX,Main,11/29/2014,0800 - 0900,26,76,96,37,25,25,31,0,0,6,220,1,6
PDX,Main,11/29/2014,1100 - 1200,14,42,119,56,30,0,0,0,0,5,210,1,6
PDX,Main,11/29/2014,2000 - 2100,14,37,98,58,15,0,0,0,0,6,177,1,3
PDX,Main,11/29/2014,2200 - 2300,24,52,48,22,31,18,0,0,0,4,123,1,5
PDX,Main,11/30/2014,0800 - 0900,28,68,84,46,32,35,24,0,0,7,228,1,5
PDX,Main,11/30/2014,1100 - 1200,9,27,128,37,0,0,0,0,0,5,170,1,6
PDX,Main,11/30/2014,1900 - 2000,0,1,5,0,0,0,0,0,0,1,6,1,1
PDX,Main,11/30/2014,2000 - 2100,11,25,110,59,0,0,0,0,0,1,170,1,3
PDX,Main,12/1/2014,0800 - 0900,31,70,64,47,51,34,24,0,0,7,227,1,5
PDX,Main,12/1/2014,2000 - 2100,23,53,61,54,48,12,0,0,0,6,181,1,2
PDX,Main,12/1/2014,2200 - 2300,31,68,32,36,36,23,10,0,0,7,144,1,4
PDX,Main,12/2/2014,1100 - 1200,21,54,85,50,38,19,0,0,0,5,197,1,5
PDX,Main,12/2/2014,2200 - 2300,26,56,60,28,43,30,0,0,0,8,169,1,2
PDX,Main,12/3/2014,1900 - 2000,14,48,82,39,13,4,0,0,0,5,143,1,4
PDX,Main,12/3/2014,2200 - 2300,24,65,43,15,19,12,5,0,0,3,97,1,5
PDX,Main,12/4/2014,0800 - 0900,14,40,93,44,21,0,0,0,0,5,163,1,6
PDX,Main,12/4/2014,1100 - 1200,12,34,93,50,7,0,0,0,0,5,155,1,6
PDX,Main,12/4/2014,2000 - 2100,3,9,42,0,0,0,0,0,0,1,43,1,2
PDX,Main,12/5/2014,0900 - 1000,7,20,121,18,0,0,0,0,0,4,143,1,6
PDX,Main,12/5/2014,1100 - 1200,8,28,126,32,0,0,0,0,0,3,161,1,6
PDX,Main,12/5/2014,1900 - 2000,14,27,57,45,0,0,0,0,0,7,109,1,3
PDX,Main,12/6/2014,0800 - 0900,15,44,86,50,18,0,0,0,0,9,163,1,6
PDX,Main,12/6/2014,1100 - 1200,11,30,132,55,0,0,0,0,0,10,197,1,7
PDX,Main,12/6/2014,2000 - 2100,6,14,147,0,0,0,0,0,0,5,152,1,4
PDX,Main,12/6/2014,2200 - 2300,22,41,34,30,32,0,0,0,0,4,100,1,5
PDX,Main,12/7/2014,0800 - 0900,18,53,80,44,27,13,0,0,0,5,169,1,5
PDX,Main,12/7/2014,1100 - 1200,12,33,125,63,8,0,0,0,0,7,203,1,6
PDX,Main,12/7/2014,2000 - 2100,16,39,80,47,26,0,0,0,0,2,155,1,3
PDX,Main,12/8/2014,0700 - 0800,17,41,79,64,25,0,0,0,0,6,174,1,6
PDX,Main,12/8/2014,2000 - 2100,10,23,104,41,0,0,0,0,0,4,149,1,3
PDX,Main,12/8/2014,2200 - 2300,8,28,60,18,0,0,0,0,0,2,80,1,5
PDX,Main,12/9/2014,2000 - 2100,15,43,78,24,27,0,0,0,0,3,132,1,3
PDX,Main,12/10/2014,2000 - 2100,7,21,79,10,0,0,0,0,0,2,91,1,3
PDX,Main,12/10/2014,2200 - 2300,20,39,31,33,19,0,0,0,0,5,88,1,5
PDX,Main,12/11/2014,0900 - 1000,22,52,55,63,32,9,0,0,0,9,168,1,5
PDX,Main,12/11/2014,1200 - 1300,22,50,64,55,44,9,0,0,0,10,182,1,5
PDX,Main,12/11/2014,2000 - 2100,8,16,69,4,0,0,0,0,0,2,75,1,3
PDX,Main,12/12/2014,0800 - 0900,9,27,123,48,0,0,0,0,0,5,176,1,6
PDX,Main,12/12/2014,1200 - 1300,9,28,127,41,0,0,0,0,0,5,173,1,6
PDX,Main,12/12/2014,2000 - 2100,9,17,113,13,0,0,0,0,0,5,131,1,2
PDX,Main,12/13/2014,0800 - 0900,16,46,98,60,29,2,0,0,0,5,194,1,5
PDX,Main,12/13/2014,1100 - 1200,10,31,128,65,1,0,0,0,0,6,200,1,6
PDX,Main,12/13/2014,2000 - 2100,12,34,111,45,15,0,0,0,0,5,176,1,3
PDX,Main,12/13/2014,2200 - 2300,31,67,34,29,35,25,7,0,0,5,135,1,5
PDX,Main,12/14/2014,0700 - 0800,20,56,92,54,32,21,0,0,0,6,205,1,5
PDX,Main,12/14/2014,1100 - 1200,13,42,124,56,22,0,0,0,0,6,208,1,6
PDX,Main,12/14/2014,2000 - 2100,20,43,67,51,33,0,0,0,0,5,156,1,3
PDX,Main,12/15/2014,0800 - 0900,17,44,96,71,39,0,0,0,0,5,211,1,5
PDX,Main,12/15/2014,2200 - 2300,15,43,89,37,28,0,0,0,0,3,157,1,6
PDX,Main,12/15/2014,2300 - 0000,3,11,117,0,0,0,0,0,0,3,120,1,4
PDX,Main,12/16/2014,1100 - 1200,16,42,107,64,34,0,0,0,0,7,212,1,6
PDX,Main,12/16/2014,2000 - 2100,16,35,84,55,17,0,0,0,0,7,163,1,3
PDX,Main,12/17/2014,2000 - 2100,5,16,76,4,0,0,0,0,0,1,81,1,3
PDX,Main,12/17/2014,2200 - 2300,30,70,51,24,36,32,10,0,0,4,157,1,4
PDX,Main,12/18/2014,0900 - 1000,13,35,125,71,12,0,0,0,0,6,214,1,6
PDX,Main,12/18/2014,1100 - 1200,11,33,134,50,10,0,0,0,0,6,200,1,6
PDX,Main,12/18/2014,2000 - 2100,9,24,77,21,0,0,0,0,0,2,100,1,3
PDX,Main,12/19/2014,0800 - 0900,16,41,109,78,31,0,0,0,0,7,225,1,6
PDX,Main,12/19/2014,1200 - 1300,12,38,115,57,14,0,0,0,0,6,192,1,5
PDX,Main,12/19/2014,2000 - 2100,17,35,70,49,22,0,0,0,0,6,147,1,3
PDX,Main,12/20/2014,0800 - 0900,19,44,89,62,53,0,0,0,0,7,211,1,5
PDX,Main,12/20/2014,1200 - 1300,8,26,159,43,0,0,0,0,0,5,207,1,9
PDX,Main,12/20/2014,2000 - 2100,17,41,82,54,26,0,0,0,0,10,172,1,4
PDX,Main,12/20/2014,2300 - 0000,38,83,31,26,22,17,32,0,0,6,134,1,5
PDX,Main,12/21/2014,0800 - 0900,13,42,119,43,28,0,0,0,0,4,194,1,6
PDX,Main,12/21/2014,1100 - 1200,16,45,111,61,35,0,0,0,0,4,211,1,6
PDX,Main,12/21/2014,2000 - 2100,14,33,84,60,11,0,0,0,0,5,160,1,3
PDX,Main,12/22/2014,0700 - 0800,27,68,78,40,45,37,16,0,0,5,221,1,5
PDX,Main,12/22/2014,1200 - 1300,7,7,6,0,0,0,0,0,0,0,6,1,1
PDX,Main,12/22/2014,2000 - 2100,14,33,88,68,12,0,0,0,0,3,171,1,3
PDX,Main,12/22/2014,2200 - 2300,28,60,44,29,36,24,0,0,0,6,139,1,5
PDX,Main,12/23/2014,1100 - 1200,16,47,101,60,29,5,0,0,0,7,202,1,6
PDX,Main,12/23/2014,2000 - 2100,18,34,67,76,19,0,0,0,0,6,168,1,3
PDX,Main,12/24/2014,1100 - 1200,16,35,58,50,12,0,0,0,0,7,127,1,8
PDX,Main,12/24/2014,2000 - 2100,9,19,82,13,0,0,0,0,0,4,99,1,3
PDX,Main,12/25/2014,1100 - 1200,16,49,106,40,30,6,0,0,0,6,188,1,7
PDX,Main,12/25/2014,2000 - 2100,7,15,105,0,0,0,0,0,0,4,109,1,3
PDX,Main,12/26/2014,0800 - 0900,25,64,89,32,37,40,9,0,0,7,214,1,6
PDX,Main,12/26/2014,1200 - 1300,19,56,94,37,29,23,0,0,0,5,188,1,7
PDX,Main,12/26/2014,1800 - 1900,1,2,5,0,0,0,0,0,0,1,6,1,1
PDX,Main,12/26/2014,2000 - 2100,15,31,72,57,3,0,0,0,0,7,139,1,3
PDX,Main,12/27/2014,0700 - 0800,22,50,78,54,48,13,0,0,0,5,198,1,6
PDX,Main,12/27/2014,1100 - 1200,9,27,109,35,0,0,0,0,0,4,148,1,7
PDX,Main,12/27/2014,2000 - 2100,9,18,95,21,0,0,0,0,0,3,119,1,4
PDX,Main,12/27/2014,2200 - 2300,14,37,77,40,22,0,0,0,0,4,143,1,5
PDX,Main,12/28/2014,0800 - 0900,19,56,93,43,30,17,0,0,0,6,189,1,5
PDX,Main,12/28/2014,1200 - 1300,11,39,128,29,21,0,0,0,0,6,184,1,6
PDX,Main,12/28/2014,2000 - 2100,15,34,74,53,19,0,0,0,0,5,151,1,3
PDX,Main,12/29/2014,0800 - 0900,23,51,73,51,44,23,0,0,0,4,195,1,5
PDX,Main,12/29/2014,2000 - 2100,9,24,92,35,0,0,0,0,0,3,130,1,3
PDX,Main,12/29/2014,2200 - 2300,19,42,56,52,31,0,0,0,0,4,143,1,6
PDX,Main,12/30/2014,1000 - 1100,22,56,79,64,44,20,0,0,0,6,213,1,5
PDX,Main,12/30/2014,2000 - 2100,13,37,95,42,9,0,0,0,0,3,149,1,3
PDX,Main,12/31/2014,2000 - 2100,8,20,100,23,0,0,0,0,0,1,124,1,3
